"","Species_SubSpecies"
"1","Lycopodium annotinum annotinum"
"2","Lycopodium annotinum alpestre"
"3","Lycopodium clavatum clavatum"
"4","Lycopodium clavatum monostachyon"
"5","Lycopodium dendroideum "
"6","Diphasiastrum complanatum complanatum"
"7","Diphasiastrum complanatum montellii"
"8","Diphasiastrum sitchense "
"9","Diphasiastrum alpinum "
"10","Huperzia selago "
"11","Huperzia appressa "
"12","Huperzia arctica "
"13","Huperzia haleakalae "
"14","Selaginella selaginoides "
"15","Selaginella sibirica "
"16","Selaginella rupestris "
"17","Isoetes lacustris "
"18","Isoetes echinospora "
"19","Isoetes muricata "
"20","Equisetum fluviatile "
"21","Equisetum palustre "
"22","Equisetum pratense "
"23","Equisetum sylvaticum "
"24","Equisetum arvense arvense"
"25","Equisetum arvense alpestre"
"26","Equisetum hyemale hyemale"
"27","Equisetum x trachyodon "
"28","Equisetum variegatum variegatum"
"29","Equisetum scirpoides "
"30","Botrychium multifidum  multifidum"
"31","Botrychium lanceolatum  lanceolatum"
"32","Botrychium boreale "
"33","Botrychium pinnatum "
"34","Botrychium lunaria "
"35","Botrychium minganense "
"36","Botrychium simplex "
"37","Ophioglossum azoricum "
"38","Cryptogramma stelleri "
"39","Cryptogramma acrostichoides "
"40","Cryptogramma sitchensis "
"41","Cryptogramma crispa "
"42","Phegopteris connectilis "
"43","Asplenium viride "
"44","Athyrium filix–femina filix–fe"
"45","Athyrium filix–femina cyclosor"
"46","Athyrium filix–femina angust"
"47","Athyrium distentifolium distentifolium"
"48","Athyrium distentifolium americanum"
"49","Diplazium sibiricum "
"50","Gymnocarpium dryopteris "
"51","Gymnocarpium continentale "
"52","Cystopteris fragilis "
"53","Cystopteris alpina "
"54","Cystopteris montana "
"55","Woodsia ilvensis "
"56","Woodsia alpina "
"57","Woodsia glabella "
"58","Dryopteris expansa "
"59","Dryopteris carthusiana "
"60","Dryopteris marginalis "
"61","Dryopteris filix–m "
"62","Dryopteris fragrans "
"63","Polystichum lonchitis "
"64","Polypodium sibiricum "
"65","Polypodium vulgare "
"66","Blechnum spicant "
"67","Picea abies abies"
"68","Picea abies obovata"
"69","Picea glauca "
"70","Picea mariana "
"71","Larix sibirica "
"72","Larix dahurica "
"73","Larix cajanderi "
"74","Larix laricina "
"75","Pinus sylvestris lapponica"
"76","Pinus sibirica "
"77","Pinus pumila "
"78","Juniperus communis communis"
"79","Juniperus communis nana"
"80","Juniperus communis depressa"
"81","Juniperus horizontalis "
"82","Nuphar pumila "
"83","Nuphar polysepala "
"84","Calla palustris "
"85","Lemna minor "
"86","Lemna turionifera "
"87","Lemna trisulca "
"88","Tofieldia pusilla "
"89","Tofieldia coccinea "
"90","Triantha glutinosa "
"91","Alisma plantago–aquati "
"92","Alisma triviale "
"93","Triglochin maritima "
"94","Triglochin palustris "
"95","Ruppia maritima "
"96","Ruppia cirrhosa "
"97","Zostera angustifolia "
"98","Potamogeton natans "
"99","Potamogeton gramineus "
"100","Potamogeton alpinus alpinus"
"101","Potamogeton alpinus tenuifolius"
"102","Potamogeton perfoliatus perfoliatus"
"103","Potamogeton perfoliatus richardsonii"
"104","Potamogeton praelongus "
"105","Potamogeton robbinsii "
"106","Potamogeton zosteriformis "
"107","Potamogeton friesii "
"108","Potamogeton subsibiricus "
"109","Potamogeton groenlandicus "
"110","Potamogeton berchtoldii "
"111","Stuckenia filiformis filiformis"
"112","Stuckenia filiformis borealis"
"113","Stuckenia filiformis occidentalis"
"114","Stuckenia pectinata "
"115","Stuckenia vaginata "
"116","Stuckenia subretusa "
"117","Zannichellia palustris "
"118","Anticlea elegans "
"119","Anticlea sibirica "
"120","Veratrum lobelianum var. misae "
"121","Veratrum oxysepalum "
"122","Gagea fragifera "
"123","Lloydia serotina "
"124","Streptopus amplexifolius americanus"
"125","Streptopus lanceolatus "
"126","Cypripedium guttatum "
"127","Cypripedium parviflorum var. makasin "
"128","Cypripedium passerinum "
"129","Calypso bulbosa var. americana "
"130","Corallorhiza trifida "
"131","Listera borealis "
"132","Listera cordata var. cordata "
"133","Listera cordata var. nephrophylla "
"134","Listera ovata "
"135","Epipactis atrorubens "
"136","Spiranthes romanzoffiana "
"137","Chamorchis alpina "
"138","Pseudorchis albida "
"139","Pseudorchis straminea "
"140","Limnorchis dilatata "
"141","Limnorchis hyperborea "
"142","Limnorchis aquilonis "
"143","Limnorchis huronensis "
"144","Lysiella obtusata "
"145","Lysiella oligantha "
"146","Gymnadenia conopsea "
"147","Amerorchis rotundifolia "
"148","Coeloglossum viride "
"149","Dactylorhiza fuchsii "
"150","Dactylorhiza maculata "
"151","Dactylorhiza incarnata "
"152","Dactylorhiza lapponica "
"153","Dactylorhiza aristata "
"154","I.  "
"155","Sisyrinchium mucronatum "
"156","Sisyrinchium groenlandicum "
"157","Sisyrinchium montanum "
"158","Allium schoenoprasum "
"159","Maianthemum bifolium "
"160","Maianthemum canadense "
"161","Maianthemum trifolium "
"162","Maianthemum stellatum "
"163","Sparganium emersum "
"164","Sparganium multipedunculatum "
"165","Sparganium angustifolium "
"166","Sparganium gramineum "
"167","Sparganium natans "
"168","Sparganium hyperboreum "
"169","Juncus biglumis "
"170","Juncus longirostris "
"171","Juncus triglumis "
"172","Juncus albescens "
"173","Juncus castaneus castaneus"
"174","Juncus castaneus leucochlamys"
"175","Juncus stygius americanus"
"176","Juncus subtilis "
"177","Juncus articulatus "
"178","Juncus alpinoarticulatus "
"179","Juncus nodosus "
"180","Juncus bulbosus  bulbosus"
"181","Juncus mertensianus "
"182","Juncus ranarius "
"183","Juncus bufonius "
"184","Juncus gerardii gerardii"
"185","Juncus gerardii atrofuscus"
"186","Juncus vaseyi "
"187","Juncus squarrosus "
"188","Juncus trifidus "
"189","Juncus filiformis "
"190","Juncus brachyspathus "
"191","Juncus arcticus arcticus"
"192","Juncus arcticus alaskanus"
"193","Juncus haenkei "
"194","Juncus balticus balticus"
"195","Juncus balticus littoralis"
"196","Juncus drummondii "
"197","Luzula pilosa "
"198","Luzula rufescens "
"199","Luzula luzuloides "
"200","Luzula parviflora parviflora"
"201","Luzula parviflora fastigiata"
"202","Luzula parviflora melanocarpa"
"203","Luzula wahlenbergii "
"204","Luzula spicata  spicata"
"205","Luzula confusa "
"206","Luzula arcuata unalaschkensis"
"207","Luzula nivalis "
"208","Luzula kjellmaniana "
"209","Luzula multiflora multiflora"
"210","Luzula multiflora frigida"
"211","Luzula multiflora sibirica"
"212","Luzula capitata "
"213","Luzula groenlandica "
"214","Luzula oligantha "
"215","Luzula pallescens "
"216","Luzula sudetica "
"217","Bolboschoenus planiculmis "
"218","Blysmopsis rufa "
"219","Maximowicziella japonica "
"220","Eriophorum viridicarinatum "
"221","Eriophorum gracile gracile"
"222","Eriophorum gracile asiaticum"
"223","Eriophorum latifolium "
"224","Eriophorum angustifolium angustifolium"
"225","Eriophorum angustifolium triste"
"226","Eriophorum x sorenseni "
"227","Eriophorum scheuchzeri scheuchzeri"
"228","Eriophorum scheuchzeri arcticum"
"229","Eriophorum tolmatchevii "
"230","Eriophorum russeolum russeolum"
"231","Eriophorum russeolum leiocarpum"
"232","Eriophorum x medium "
"233","Eriophorum vaginatum vaginatum"
"234","Eriophorum vaginatum spissum"
"235","Eriophorum callitrix "
"236","Eriophorum brachyantherum "
"237","Trichophorum alpinum "
"238","Trichophorum uniflorum "
"239","Trichophorum cespitosum  cespitosum"
"240","Eleocharis quinqueflora quinqueflora"
"241","Eleocharis quinqueflora fernaldii"
"242","Eleocharis acicularis  acicularis"
"243","Eleocharis palustris "
"244","Eleocharis uniglumis  uniglumis"
"245","Kobresia myosuroides "
"246","Kobresia sibirica "
"247","Kobresia filifolia subfilifolia"
"248","Kobresia simpliciuscula subholarctica"
"249","Carex atherodes "
"250","Carex lasiocarpa "
"251","Carex mollissima "
"252","Carex rostrata "
"253","Carex utriculata "
"254","Carex rhynchophysa "
"255","Carex rotundata "
"256","Carex miliaris "
"257","Carex vesicaria "
"258","Carex membranacea "
"259","Carex saxatilis saxatilis"
"260","Carex saxatilis laxa"
"261","Carex oligosperma "
"262","Carex vaginata ""nova"""
"263","Carex panicea "
"264","Carex livida "
"265","Carex laxa "
"266","Carex bicolor "
"267","Carex aurea "
"268","Carex garberi "
"269","Carex sabynensis "
"270","Carex trautvetteriana "
"271","Carex flava "
"272","Carex demissa "
"273","Carex viridula var. pulchella "
"274","Carex concinna "
"275","Carex pediformis reventa"
"276","Carex globularis "
"277","Carex vanheurckii  vanheurckii"
"278","Carex deflexa (var. deflexa) "
"279","Carex umbellata "
"280","Carex pilulifera "
"281","Carex melanocarpa "
"282","Carex alba "
"283","Carex eburnea "
"284","Carex supina spaniocarpa"
"285","Carex glacialis "
"286","Carex macrogyna "
"287","Carex petricosa var. petricosa "
"288","Carex fuliginosa misandra"
"289","Carex atrofusca "
"290","Carex williamsii "
"291","Carex ledebouriana  ledebouriana"
"292","Carex krausei "
"293","Carex capillaris capillaris"
"294","Carex capillaris chlorostachys"
"295","Carex capillaris fuscidula"
"296","Carex paupercula "
"297","Carex limosa "
"298","Carex rariflora "
"299","Carex pluriflora "
"300","Carex macrochaeta "
"301","Carex riishirensis "
"302","Carex podocarpa "
"303","Carex microchaeta microchaeta"
"304","Carex microchaeta nesophila"
"305","Carex gmelinii "
"306","Carex buxbaumii "
"307","Carex adelostoma "
"308","Carex atrata "
"309","Carex albonigra "
"310","Carex aterrima  aterrima"
"311","Carex sabulosa leiophylla"
"312","Carex stylosa var. stylosa "
"313","Carex stylosa var. nigritella "
"314","Carex holostoma "
"315","Carex media "
"316","Carex norvegica norvegica"
"317","Carex norvegica inserrulata"
"318","Carex norvegica conicorostrata"
"319","Carex paleacea "
"320","Carex lyngbyei lyngbyei"
"321","Carex lyngbyei cryptocarpa"
"322","Carex salina "
"323","Carex ramenskii "
"324","Carex subspathacea "
"325","Carex recta "
"326","Carex halophila auct. "
"327","Carex acuta "
"328","Carex nigra nigra"
"329","Carex nigra juncella"
"330","Carex appendiculata "
"331","Carex aquatilis aquatilis"
"332","Carex aquatilis var. dives "
"333","Carex aquatilis stans"
"334","Carex minuta "
"335","Carex cespitosa "
"336","Carex bigelowii bigelowii"
"337","Carex bigelowii rigida"
"338","Carex bigelowii lugens"
"339","Carex eleusinoides "
"340","Carex lenticularis var. lenticularis "
"341","Carex lenticularis var. lipocarpa "
"342","Carex rufina "
"343","Carex diandra "
"344","Carex pallida "
"345","Carex chordorrhiza "
"346","Carex duriuscula "
"347","Carex maritima "
"348","Carex enervis  enervis"
"349","Carex disperma "
"350","Carex macloviana "
"351","Carex praticola "
"352","Carex foenea "
"353","Carex interior "
"354","Carex echinata  echinata"
"355","Carex mackenziei "
"356","Carex canescens  canescens"
"357","Carex lapponica "
"358","Carex bonanzensis "
"359","Carex arcta "
"360","Carex kreczetoviczii "
"361","Carex brunnescens brunnescens"
"362","Carex brunnescens vitilis"
"363","Carex brunnescens alaskana"
"364","Carex trisperma "
"365","Carex loliacea "
"366","Carex tenuiflora "
"367","Carex heleonastes "
"368","Carex marina marina"
"369","Carex marina pseudolagopina"
"370","Carex glareosa  glareosa"
"371","Carex lachenalii "
"372","Carex ursina "
"373","Carex dioica "
"374","Carex gynocrates "
"375","Carex parallela parallela"
"376","Carex parallela redowskiana"
"377","Carex microglochin "
"378","Carex pauciflora "
"379","Carex obtusata "
"380","Carex rupestris "
"381","Carex micropoda "
"382","Carex leptalea  leptalea"
"383","Carex filifolia "
"384","Carex anthoxanthea "
"385","Carex scirpoidea scirpoidea"
"386","Carex scirpoidea stenochlaena"
"387","Carex pulicaris "
"388","Carex capitata "
"389","Carex arctogena "
"390","Carex nardina nardina"
"391","Carex nardina hepburnii"
"392","Elymus mutabilis "
"393","Elymus trachycaulus trachycaulus"
"394","Elymus trachycaulus novae–angli"
"395","Elymus trachycaulus subsecundus"
"396","Elymus trachycaulus virescens"
"397","Elymus violaceus "
"398","Elymus alaskanus alaskanus"
"399","Elymus alaskanus borealis"
"400","Elymus alaskanus hyperarcticus"
"401","Elymus macrourus "
"402","Elymus jacutensis "
"403","Elymus fibrosus fibrosus"
"404","Elymus fibrosus subfibrosus"
"405","Elymus caninus "
"406","Elymus confusus "
"407","Pseudoroegneria spicata  spicata"
"408","Pseudoroegneria strigosa jacutorum"
"409","Elytrigia repens  repens"
"410","Hystrix sibirica "
"411","Leymus mollis mollis"
"412","Leymus mollis villosissimus"
"413","Leymus interior "
"414","Leymus arenarius "
"415","Leymus innovatus innovatus"
"416","Leymus innovatus velutinus"
"417","Hordeum jubatum "
"418","Hordeum brachyantherum "
"419","Hordeum brevisubulatum "
"420","Bromopsis pumpelliana "
"421","Bromopsis inermis "
"422","Bromopsis ciliata "
"423","Anthoxanthum nipponicum "
"424","Anthoxanthum odoratum "
"425","Hierochloe alpina "
"426","Hierochloe orthantha "
"427","Hierochloe odorata odorata"
"428","Hierochloe odorata arctica"
"429","Hierochloe odorata kolymensis"
"430","Hierochloe glabra sibirica"
"431","Hierochloe pauciflora "
"432","Avenula dahurica "
"433","Helictotrichon krylovii "
"434","Trisetum sibiricum sibiricum"
"435","Trisetum sibiricum litorale"
"436","Trisetum subalpestre "
"437","Trisetum spicatum spicatum"
"438","Trisetum spicatum molle"
"439","Koeleria pyramidata seminuda"
"440","Koeleria glauca pohleana"
"441","Koeleria asiatica "
"442","Deschampsia cespitosa "
"443","Deschampsia alpina "
"444","Deschampsia brevifolia "
"445","Deschampsia anadyrensis "
"446","Deschampsia sukatschewii sukatschewii"
"447","Deschampsia sukatschewii orientalis"
"448","Deschampsia sukatschewii borealis"
"449","Deschampsia obensis "
"450","Deschampsia beringensis "
"451","Avenella flexuosa "
"452","Vahlodea atropurpurea "
"453","Vahlodea latifolia paramushirensis"
"454","Milium effusum "
"455","Calamagrostis sesquiflora "
"456","Calamagrostis purpurascens purpurascens"
"457","Calamagrostis purpurascens laricina"
"458","Calamagrostis purpurascens arctica"
"459","Calamagrostis lapponica lapponica"
"460","Calamagrostis lapponica sibirica"
"461","Calamagrostis neglecta neglecta"
"462","Calamagrostis neglecta groenlandica"
"463","Calamagrostis holmii "
"464","Calamagrostis inexpansa "
"465","Calamagrostis deschampsioides "
"466","Calamagrostis phragmitoides "
"467","Calamagrostis purpurea "
"468","Calamagrostis tenuis "
"469","Calamagrostis canadensis canadensis"
"470","Calamagrostis canadensis langsdorfii"
"471","Calamagrostis epigeios "
"472","Agrostis stolonifera "
"473","Agrostis gigantea "
"474","Agrostis capillaris "
"475","Agrostis exarata "
"476","Agrostis canina "
"477","Agrostis vinealis "
"478","Agrostis kudoi "
"479","Agrostis mertensii "
"480","Agrostis anadyrensis "
"481","Agrostis clavata "
"482","Agrostis scabra "
"483","Festuca altaica "
"484","Festuca rubra rubra"
"485","Festuca rubra richardsonii"
"486","Festuca baffinensis "
"487","Festuca brevissima "
"488","Festuca hyperborea "
"489","Festuca edlundiae "
"490","Festuca brachyphylla "
"491","Festuca groenlandica "
"492","Festuca vivipara "
"493","Festuca frederikseniae "
"494","Festuca viviparoidea "
"495","Festuca lenensis "
"496","Festuca auriculata "
"497","Festuca saximontana "
"498","Festuca kolymensis "
"499","Festuca ovina  ovina"
"500","Schedonorus pratensis "
"501","Lolium perenne "
"502","Arctopoa eminens "
"503","Arctopoa trautvetteri "
"504","Arctopoa subfastigiata "
"505","Poa alpina var. alpina "
"506","Poa alpina var. vivipara "
"507","Poa x jemtlandica "
"508","Poa arctica arctica"
"509","Poa arctica caespitans"
"510","Poa arctica lanata"
"511","Poa macrocalyx "
"512","Poa pratensis pratensis"
"513","Poa pratensis angustifolia"
"514","Poa pratensis irrigata"
"515","Poa pratensis alpigena"
"516","Poa pratensis colpodea"
"517","Poa sublanata "
"518","Poa porsildii "
"519","Poa sibirica "
"520","Poa trivialis  trivialis"
"521","Poa nemoralis "
"522","Poa palustris "
"523","Poa ochotensis "
"524","Poa botryoides "
"525","Poa arctostepporum "
"526","Poa glauca "
"527","Poa compressa "
"528","Poa hartzii hartzii"
"529","Poa hartzii alaskana"
"530","Poa hartzii vrangelica"
"531","Poa ammophila "
"532","Poa abbreviata abbreviata"
"533","Poa abbreviata pattersonii"
"534","Poa pseudoabbreviata "
"535","Poa laxa flexuosa"
"536","Poa sp. (aff. laxa) "
"537","Poa leptocoma "
"538","Poa paucispicula "
"539","Poa supina "
"540","Poa annua "
"541","Hyalopoa lanatiflora "
"542","Arctophila fulva "
"543","xArctodupontia xA. scleroclada "
"544","Dupontia fisheri "
"545","xDuarctopoa xD. labradorica "
"546","Puccinellia phryganodes phryganodes"
"547","Puccinellia phryganodes neoarctica"
"548","Puccinellia phryganodes sibirica"
"549","Puccinellia phryganodes vilfoidea"
"550","Puccinellia maritima "
"551","Puccinellia nuttalliana "
"552","Puccinellia borealis borealis"
"553","Puccinellia borealis neglecta"
"554","Puccinellia banksiana "
"555","Puccinellia hauptiana "
"556","Puccinellia distans "
"557","Puccinellia nutkaensis "
"558","Puccinellia arctica "
"559","Puccinellia porsildii "
"560","Puccinellia groenlandica "
"561","Puccinellia andersonii "
"562","Puccinellia vaginata "
"563","Puccinellia angustata "
"564","Puccinellia palibinii "
"565","Puccinellia sibirica "
"566","Puccinellia lenensis "
"567","Puccinellia svalbardensis "
"568","Puccinellia gorodkovii "
"569","Puccinellia pumila "
"570","Puccinellia tenella "
"571","Puccinellia langeana "
"572","Puccinellia bruggemannii "
"573","Puccinellia vahliana "
"574","Puccinellia wrightii wrightii"
"575","Puccinellia wrightii colpodioides"
"576","Puccinellia beringensis "
"577","Phippsia algida "
"578","Phippsia concinna "
"579","xPucciphippsia xP. vacillans "
"580","xPucciphippsia xP. czukczorum "
"581","Catabrosa aquatica "
"582","Dactylis glomerata "
"583","Cinna latifolia "
"584","Arctagrostis latifolia latifolia"
"585","Arctagrostis latifolia arundinacea"
"586","Beckmannia syzigachne "
"587","Beckmannia eruciformis borealis"
"588","Phalaroides arundinacea "
"589","Phleum alpinum "
"590","Phleum pratense  pratense"
"591","Limnas malyschevii "
"592","Alopecurus pratensis pratensis"
"593","Alopecurus pratensis alpestris"
"594","Alopecurus arundinaceus "
"595","Alopecurus borealis "
"596","Alopecurus stejnegeri "
"597","Alopecurus glaucus "
"598","Alopecurus aequalis "
"599","Alopecurus geniculatus "
"600","Schizachne purpurascens "
"601","Glyceria borealis "
"602","Glyceria striata "
"603","Pleuropogon sabinei "
"604","Melica nutans "
"605","Piptatherum canadense "
"606","Piptatherum pungens "
"607","Nardus stricta "
"608","Molinia caerulea "
"609","Danthonia intermedia "
"610","Danthonia spicata "
"611","Ceratophyllum demersum "
"612","Caltha palustris palustris"
"613","Caltha palustris radicans"
"614","Caltha palustris sibirica"
"615","Caltha natans "
"616","Trollius europaeus "
"617","Trollius x apertus "
"618","Trollius asiaticus "
"619","Trollius sibiricus "
"620","Trollius membranostylis "
"621","Trollius chartosepalus "
"622","Actaea erythrocarpa "
"623","Actaea rubra "
"624","Coptis trifolia "
"625","Aquilegia brevistyla "
"626","Thalictrum alpinum "
"627","Thalictrum sparsiflorum sparsiflorum"
"628","Thalictrum sparsiflorum richardsonii"
"629","Thalictrum minus kemense"
"630","Thalictrum simplex boreale"
"631","Thalictrum flavum "
"632","Delphinium cheilanthum "
"633","Delphinium chamissonis "
"634","Delphinium brachycentrum maydellianum"
"635","Delphinium middendorffii "
"636","Delphinium glaucum "
"637","Delphinium elatum elatum"
"638","Delphinium elatum cryophilum"
"639","Delphinium ochotense "
"640","Aconitum lycoctonum septentrionale"
"641","Aconitum baicalense "
"642","Aconitum x stoerkianum "
"643","Aconitum delphinifolium var. delphinifolium "
"644","Aconitum delphinifolium var. paradoxum "
"645","Aconitum productum "
"646","Anemone canadensis "
"647","Anemone dichotoma "
"648","Anemone nemorosa "
"649","Anemone richardsonii "
"650","Anemone sylvestris sylvestris"
"651","Anemone sylvestris ochotensis"
"652","Anemone parviflora "
"653","Anemone drummondii var. lithophila "
"654","Anemone multiceps "
"655","Anemone multifida "
"656","Anemone calva "
"657","Anemone sibirica "
"658","Anemone villosissima "
"659","Pulsatilla patens multifida"
"660","Pulsatilla patens angustifolia"
"661","Pulsatilla dahurica "
"662","Clematis sibirica "
"663","Clematis ochotensis "
"664","Oxygraphis glacialis "
"665","Ranunculus glacialis glacialis"
"666","Ranunculus glacialis alaskensis"
"667","Ranunculus camissonis "
"668","Ranunculus reptans "
"669","Ranunculus sceleratus sceleratus"
"670","Ranunculus sceleratus reptabundus"
"671","Ranunculus sceleratus multifidus"
"672","Ranunculus gmelinii gmelinii"
"673","Ranunculus gmelinii purshii"
"674","Ranunculus hyperboreus hyperboreus"
"675","Ranunculus hyperboreus arnellii"
"676","Ranunculus hyperboreus tricrenatus"
"677","Ranunculus peltatus "
"678","Ranunculus aquatilis "
"679","Ranunculus confervoides "
"680","Ranunculus subrigidus "
"681","Ranunculus pygmaeus "
"682","Ranunculus sabinei "
"683","Ranunculus nivalis "
"684","Ranunculus sulphureus "
"685","Ranunculus eschscholtzii  eschscholtzii"
"686","Ranunculus punctatus "
"687","Ranunculus grayi "
"688","Ranunculus allenii "
"689","Ranunculus arcticus "
"690","Ranunculus rigescens "
"691","Ranunculus auricomus s. lat. "
"692","Ranunculus monophyllos s. lat. "
"693","Ranunculus acris "
"694","Ranunculus subborealis subborealis"
"695","Ranunculus subborealis villosus"
"696","Ranunculus subborealis pumilus"
"697","Ranunculus turneri turneri"
"698","Ranunculus turneri jacuticus"
"699","Ranunculus subcorymbosus "
"700","Ranunculus repens "
"701","Ranunculus pacificus "
"702","Cyrtorhyncha cymbalaria "
"703","Coptidium lapponicum "
"704","Coptidium x spitsbergense "
"705","Coptidium pallasii "
"706","Papaver walpolei "
"707","Papaver gorodkovii "
"708","Papaver cornwallisensis "
"709","Papaver uschakovii "
"710","Papaver calcareum "
"711","Papaver ""murrayi"" "
"712","Papaver dahlianum "
"713","Papaver alaskanum "
"714","Papaver mcconnellii "
"715","Papaver macounii "
"716","Papaver anjuicum "
"717","Papaver variegatum "
"718","Papaver keelei "
"719","Papaver paucistamineum "
"720","Papaver atrovirens "
"721","Papaver microcarpum microcarpum"
"722","Papaver microcarpum czekanowskyi"
"723","Papaver pulvinatum pulvinatum"
"724","Papaver pulvinatum tschuktschorum"
"725","Papaver angustifolium "
"726","Papaver nivale "
"727","Papaver ""lenaense"" "
"728","Papaver leucotrichum "
"729","Papaver sp. Khatanga "
"730","Papaver nudicaule insulare"
"731","Papaver croceum "
"732","Papaver labradoricum "
"733","Papaver detritophilum "
"734","Papaver schamurinii "
"735","Papaver hypsipetes "
"736","Papaver multiradiatum "
"737","Papaver chionophilum "
"738","Papaver hultenii "
"739","Papaver sp. Banks "
"740","Papaver lapponicum lapponicum"
"741","Papaver lapponicum occidentale"
"742","Papaver lapponicum jugoricum"
"743","Papaver lapponicum orientale"
"744","Papaver radicatum  radicatum"
"745","Dicentra peregrina "
"746","Corydalis arctica "
"747","Corydalis sibirica "
"748","Drosera rotundifolia "
"749","Drosera anglica "
"750","Armeria maritima "
"751","Armeria scabra "
"752","Polygonum aviculare "
"753","Polygonum boreale "
"754","Polygonum neglectum "
"755","Polygonum microspermum "
"756","Polygonum humifusum humifusum"
"757","Polygonum humifusum caurianum"
"758","Polygonum hudsonianum "
"759","Polygonum raii norvegicum"
"760","Bistorta vivipara "
"761","Bistorta elliptica "
"762","Bistorta plumosa "
"763","Persicaria amphibia amphibia"
"764","Persicaria amphibia laevimarginata"
"765","Koenigia islandica "
"766","Aconogonum alaskanum var. alaskanum "
"767","Aconogonum alaskanum var. glabrescens "
"768","Aconogonum tripterocarpum "
"769","Aconogonum ocreatum "
"770","Aconogonum ajanense "
"771","Oxyria digyna "
"772","Rumex longifolius "
"773","Rumex crispus "
"774","Rumex confertus "
"775","Rumex aquaticus "
"776","Rumex aquaticus aquaticus"
"777","Rumex aquaticus protractus"
"778","Rumex arcticus "
"779","Rumex pseudonatronatus "
"780","Rumex occidentalis "
"781","Rumex gmelinii "
"782","Rumex sibiricus "
"783","Rumex hultenii "
"784","Rumex pallidus subarcticus"
"785","Rumex maritimus "
"786","Rumex fueginus "
"787","Rumex acetosa acetosa"
"788","Rumex acetosa islandicus"
"789","Rumex acetosa lapponicus"
"790","Rumex acetosa pseudoxyria"
"791","Rumex thyrsiflorus "
"792","Rumex oblongifolius "
"793","Rumex acetosella acetosella"
"794","Rumex acetosella tenuifolius"
"795","Rumex acetosella arenicola"
"796","Rumex krausei "
"797","Rumex beringensis "
"798","Rumex aureostigmaticus "
"799","Rumex graminifolius "
"800","Rheum compactum "
"801","Stellaria media "
"802","Stellaria bungeana "
"803","Stellaria nemorum  nemorum"
"804","Stellaria crassifolia "
"805","Stellaria humifusa "
"806","Stellaria calycantha "
"807","Stellaria borealis borealis"
"808","Stellaria graminea "
"809","Stellaria palustris "
"810","Stellaria fennica "
"811","Stellaria hebecalyx "
"812","Stellaria umbellata "
"813","Stellaria longifolia "
"814","Stellaria longipes s. lat. "
"815","Stellaria alaskana "
"816","Stellaria eschscholtziana "
"817","Stellaria fischeriana "
"818","Stellaria jacutica "
"819","Cerastium cerastoides "
"820","Cerastium maximum "
"821","Cerastium davuricum "
"822","Cerastium arvense strictum"
"823","Cerastium alpinum alpinum"
"824","Cerastium alpinum var. glabrum "
"825","Cerastium alpinum ""nova"""
"826","Cerastium alpinum lanatum"
"827","Cerastium nigrescens var. laxum "
"828","Cerastium arcticum "
"829","Cerastium beeringianum "
"830","Cerastium fischerianum "
"831","Cerastium regelii "
"832","Cerastium jenisejense "
"833","Cerastium fontanum fontanum"
"834","Cerastium fontanum vulgare"
"835","Sagina saginoides "
"836","Sagina procumbens "
"837","Sagina subulata "
"838","Sagina nodosa borealis"
"839","Sagina nivalis "
"840","Sagina caespitosa "
"841","Minuartia verna  verna"
"842","Minuartia rubella "
"843","Minuartia stricta "
"844","Minuartia dawsonensis "
"845","Minuartia rossii "
"846","Minuartia elegans "
"847","Minuartia macrocarpa "
"848","Minuartia arctica "
"849","Minuartia obtusiloba "
"850","Minuartia yukonensis "
"851","Minuartia biflora "
"852","Minuartia groenlandica "
"853","Cherleria dicranoides "
"854","Honckenya peploides diffusa"
"855","Honckenya peploides major"
"856","Wilhelmsia physodes "
"857","Arenaria humifusa "
"858","Arenaria longipedunculata "
"859","Arenaria norvegica  norvegica"
"860","Arenaria pseudofrigida "
"861","Eremogone capillaris "
"862","Eremogone formosa "
"863","Eremogone polaris "
"864","Eremogone tschuktschorum "
"865","Moehringia lateriflora "
"866","Moehringia macrophylla "
"867","Spergularia salina "
"868","Spergularia canadensis "
"869","Spergularia rubra "
"870","Silene tatarica "
"871","Silene paucifolia "
"872","Silene stenophylla "
"873","Silene repens "
"874","Silene vulgaris  vulgaris"
"875","Silene uniflora  uniflora"
"876","Silene dioica "
"877","Silene samojedora "
"878","Silene villosula "
"879","Silene wahlbergella "
"880","Silene uralensis coll. "
"881","Silene uralensis uralensis"
"882","Silene uralensis arctica"
"883","Silene violascens "
"884","Silene soczavana var. macrosperma "
"885","Silene involucrata coll. "
"886","Silene involucrata involucrata"
"887","Silene involucrata tenella"
"888","Silene involucrata furcata"
"889","Silene sorensenis "
"890","Silene ostenfeldii "
"891","Silene acaulis "
"892","Viscaria alpina "
"893","Gypsophila uralensis "
"894","Gypsophila sambukii "
"895","Dianthus repens "
"896","Dianthus superbus "
"897","Chenopodium album "
"898","Chenopodium karoi "
"899","Chenopodium jenissejense "
"900","Chenopodium capitatum "
"901","Chenopodium salinum "
"902","Chenopodium rubrum "
"903","Atriplex prostrata  prostrata"
"904","Atriplex glabriuscula "
"905","Atriplex longipes praecox"
"906","Atriplex lapponica "
"907","Atriplex gmelinii  gmelinii"
"908","Corispermum crassifolium "
"909","Corispermum ochotense "
"910","Monolepis nuttalliana "
"911","Monolepis asiatica "
"912","Salicornia rubra "
"913","Suaeda maritima "
"914","Suaeda calceoliformis "
"915","Claytonia tuberosa "
"916","Claytonia multiscapa czukczorum"
"917","Claytonia acutifolia "
"918","Claytonia eschscholtzii "
"919","Claytonia joanneana "
"920","Claytonia arctica "
"921","Claytonia scammaniana "
"922","Claytonia sarmentosa "
"923","Claytoniella vassilievii "
"924","Montia fontana  fontana"
"925","Geocaulon lividum "
"926","Paeonia anomala "
"927","Rhodiola rosea "
"928","Rhodiola integrifolia "
"929","Rhodiola quadrifida "
"930","Hylotelephium telephium "
"931","Phedimus kamtschaticus "
"932","Sedum acre "
"933","Sedum annuum "
"934","Sedum villosum  villosum"
"935","Myriophyllum alterniflorum "
"936","Myriophyllum verticillatum "
"937","Myriophyllum sibiricum "
"938","Ribes spicatum lapponicum"
"939","Ribes spicatum hispidulum"
"940","Ribes triste "
"941","Ribes nigrum "
"942","Ribes dikuscha "
"943","Ribes glandulosum "
"944","Ribes hudsonianum "
"945","Ribes oxyacanthoides "
"946","Ribes lacustre "
"947","Boykinia richardsonii "
"948","Heuchera glabra "
"949","Mitella nuda "
"950","Chrysosplenium rimosum "
"951","Chrysosplenium wrightii "
"952","Chrysosplenium alternifolium sibiricum"
"953","Chrysosplenium alternifolium arctomontanum"
"954","Chrysosplenium tetrandrum "
"955","Chrysosplenium rosendahlii "
"956","Saxifraga spicata "
"957","Saxifraga eschscholtzii "
"958","Saxifraga serpyllifolia serpyllifolia"
"959","Saxifraga serpyllifolia glutinosa"
"960","Saxifraga hirculus "
"961","Saxifraga setigera "
"962","Saxifraga platysepala "
"963","Saxifraga oppositifolia oppositifolia"
"964","Saxifraga oppositifolia smalliana"
"965","Saxifraga aizoides "
"966","Saxifraga nathorstii "
"967","Saxifraga paniculata "
"968","Saxifraga tricuspidata "
"969","Saxifraga bronchialis "
"970","Saxifraga stellerana "
"971","Saxifraga balandinii "
"972","Saxifraga caulescens "
"973","Saxifraga omolojensis "
"974","Saxifraga anadyrensis "
"975","Saxifraga spinulosa "
"976","Saxifraga funstonii "
"977","Saxifraga codyana "
"978","Saxifraga cherlerioides "
"979","Saxifraga cespitosa cespitosa"
"980","Saxifraga cespitosa monticola"
"981","Saxifraga rosacea "
"982","Saxifraga hypnoides "
"983","Saxifraga bracteata "
"984","Saxifraga hyperborea "
"985","Saxifraga rivularis rivularis"
"986","Saxifraga rivularis arctolitoralis"
"987","Saxifraga radiata "
"988","Saxifraga cernua "
"989","Saxifraga svalbardensis "
"990","Micranthes merkii  merkii"
"991","Micranthes stellaris  stellaris"
"992","Micranthes redofskyi "
"993","Micranthes foliolosa "
"994","Micranthes nudicaulis  nudicaulis"
"995","Micranthes punctata "
"996","Micranthes davurica "
"997","Micranthes reflexa "
"998","Micranthes nelsoniana nelsoniana"
"999","Micranthes nelsoniana aestivalis"
"1000","Micranthes nelsoniana insularis"
"1001","Micranthes porsildiana "
"1002","Micranthes lyallii hultenii"
"1003","Micranthes razshivinii "
"1004","Micranthes calycina "
"1005","Micranthes unalaschensis "
"1006","Micranthes tenuis "
"1007","Micranthes nivalis "
"1008","Micranthes hieraciifolia hieraciifolia"
"1009","Micranthes hieraciifolia longifolia"
"1010","Geranium sylvaticum  sylvaticum"
"1011","Geranium krylovii "
"1012","Geranium pratense "
"1013","Geranium erianthum "
"1014","Epilobium palustre "
"1015","Epilobium davuricum "
"1016","Epilobium arcticum "
"1017","Epilobium alsinifolium "
"1018","Epilobium hornemannii hornemannii"
"1019","Epilobium hornemannii behringianum"
"1020","Epilobium lactiflorum "
"1021","Epilobium anagallidifolium "
"1022","Epilobium ciliatum ciliatum"
"1023","Epilobium ciliatum glandulosum"
"1024","Epilobium montanum "
"1025","Epilobium collinum "
"1026","Chamerion angustifolium angustifolium"
"1027","Chamerion angustifolium circumvagum"
"1028","Chamerion latifolium "
"1029","Parnassia palustris "
"1030","Parnassia kotzebuei "
"1031","Linum catharticum "
"1032","Linum boreale "
"1033","Linum taymirense "
"1034","Linum komarovii "
"1035","Linum lewisii lewisii"
"1036","Linum lewisii lepagei"
"1037","Viola riviniana "
"1038","Viola canina "
"1039","Viola rupestris rupestris"
"1040","Viola rupestris relicta"
"1041","Viola adunca "
"1042","Viola conspersa "
"1043","Viola langsdorffii "
"1044","Viola selkirkii "
"1045","Viola pallens "
"1046","Viola renifolia "
"1047","Viola palustris  palustris"
"1048","Viola epipsila epipsila"
"1049","Viola epipsila repens"
"1050","Viola biflora biflora"
"1051","Viola biflora avatschensis"
"1052","Populus balsamifera "
"1053","Populus suaveolens "
"1054","Populus tremula "
"1055","Populus tremuloides "
"1056","Chosenia arbutifolia "
"1057","Salix triandra discolor"
"1058","Salix exigua interior"
"1059","Salix reticulata "
"1060","Salix vestita "
"1061","Salix herbacea "
"1062","Salix polaris "
"1063","Salix nummularia "
"1064","Salix glauca glauca"
"1065","Salix glauca stipulifera"
"1066","Salix glauca acutifolia"
"1067","Salix glauca callicarpaea"
"1068","Salix reptans "
"1069","Salix brachycarpa "
"1070","Salix niphoclada "
"1071","Salix arctica "
"1072","Salix sphenophylla sphenophylla"
"1073","Salix sphenophylla pseudotorulosa"
"1074","Salix ovalifolia "
"1075","Salix myrtilloides "
"1076","Salix pedicellaris "
"1077","Salix fuscescens "
"1078","Salix phlebophylla "
"1079","Salix rotundifolia rotundifolia"
"1080","Salix rotundifolia dodgeana"
"1081","Salix recurvigemmis "
"1082","Salix myrsinites "
"1083","Salix tschuktschorum "
"1084","Salix berberifolia fimbriata"
"1085","Salix berberifolia kamtschatica"
"1086","Salix saxatilis "
"1087","Salix uva–ur "
"1088","Salix chamissonis "
"1089","Salix arctophila "
"1090","Salix jenisseensis "
"1091","Salix cordata "
"1092","Salix barclayi "
"1093","Salix hastata "
"1094","Salix myrtillifolia "
"1095","Salix ballii "
"1096","Salix pseudomonticola "
"1097","Salix pyrolifolia "
"1098","Salix lanata "
"1099","Salix calcicola "
"1100","Salix richardsonii "
"1101","Salix barrattiana "
"1102","Salix acutifolia "
"1103","Salix arbuscula "
"1104","Salix arbusculoides "
"1105","Salix boganidensis "
"1106","Salix phylicifolia "
"1107","Salix pulchra var. pulchra "
"1108","Salix pulchra var. yukonensis "
"1109","Salix planifolia "
"1110","Salix pellita "
"1111","Salix tyrrellii "
"1112","Salix rhamnifolia "
"1113","Salix myrsinifolia "
"1114","Salix caprea  caprea"
"1115","Salix bebbiana "
"1116","Salix krylovii "
"1117","Salix candida "
"1118","Salix lapponum "
"1119","Salix alaxensis "
"1120","Salix viminalis "
"1121","Salix schwerinii "
"1122","Salix burjatica "
"1123","Salix udensis "
"1124","Salix argyrocarpa "
"1125","Salix rosmarinifolia "
"1126","Elatine triandra "
"1127","Myrica gale gale"
"1128","Myrica gale tomentosa"
"1129","Alnus viridis crispa"
"1130","Alnus viridis fruticosa"
"1131","Alnus viridis sinuata"
"1132","Alnus incana tenuifolia"
"1133","Betula platyphylla "
"1134","Betula neoalaskana "
"1135","Betula papyrifera "
"1136","Betula kenaica "
"1137","Betula pubescens pubescens"
"1138","Betula pubescens tortuosa"
"1139","Betula minor "
"1140","Betula fruticosa "
"1141","Betula pumila "
"1142","Betula glandulosa "
"1143","Betula middendorffii "
"1144","Betula nana nana"
"1145","Betula nana exilis"
"1146","Polygala serpyllifolia "
"1147","Polygala hybrida "
"1148","Lupinus arcticus  arcticus"
"1149","Lupinus nootkatensis "
"1150","Melilotus albus "
"1151","Trifolium lupinaster "
"1152","Trifolium repens "
"1153","Trifolium hybridum  hybridum"
"1154","Trifolium montanum "
"1155","Trifolium pratense "
"1156","Caragana jubata "
"1157","Astragalus frigidus frigidus"
"1158","Astragalus frigidus parviflorus"
"1159","Astragalus umbellatus "
"1160","Astragalus alpinus alpinus"
"1161","Astragalus alpinus var. arcticus "
"1162","Astragalus alpinus alaskanus"
"1163","Astragalus norvegicus "
"1164","Astragalus sealei "
"1165","Astragalus eucosmus "
"1166","Astragalus robbinsii robbinsii"
"1167","Astragalus gorodkovii "
"1168","Astragalus tugarinovii "
"1169","Astragalus kolymensis "
"1170","Astragalus lepagei "
"1171","Astragalus aboriginum "
"1172","Astragalus tolmaczevii "
"1173","Astragalus richardsonii "
"1174","Astragalus vallicola "
"1175","Astragalus polaris "
"1176","Astragalus bodinii "
"1177","Astragalus nutzotinensis "
"1178","Astragalus schelichovii "
"1179","Astragalus pseudadsurgens "
"1180","Astragalus inopinatus oreogenus"
"1181","Astragalus igoshinae "
"1182","Oxytropis deflexa deflexa"
"1183","Oxytropis deflexa foliolosa"
"1184","Oxytropis nigrescens "
"1185","Oxytropis czukotica "
"1186","Oxytropis bryophila "
"1187","Oxytropis kokrinensis "
"1188","Oxytropis gorodkovii "
"1189","Oxytropis arctobia "
"1190","Oxytropis sublongipes "
"1191","Oxytropis revoluta "
"1192","Oxytropis podocarpa "
"1193","Oxytropis scammaniana "
"1194","Oxytropis mertensiana "
"1195","Oxytropis adamsiana adamsiana"
"1196","Oxytropis adamsiana janensis"
"1197","Oxytropis vassilczenkoi vassilczenkoi"
"1198","Oxytropis vassilczenkoi substepposa"
"1199","Oxytropis uschakovii "
"1200","Oxytropis semiglobosa "
"1201","Oxytropis ochotensis "
"1202","Oxytropis maydelliana maydelliana"
"1203","Oxytropis maydelliana melanocephala"
"1204","Oxytropis arctica arctica"
"1205","Oxytropis arctica taimyrensis"
"1206","Oxytropis tichomirovii "
"1207","Oxytropis terrae–nov "
"1208","Oxytropis leucantha subarctica"
"1209","Oxytropis leucantha tschukotcensis"
"1210","Oxytropis katangensis "
"1211","Oxytropis sordida sordida"
"1212","Oxytropis sordida arctolenensis"
"1213","Oxytropis sordida schamurinii"
"1214","Oxytropis beringensis "
"1215","Oxytropis jordalii "
"1216","Oxytropis varians "
"1217","Oxytropis schmorgunoviae "
"1218","Oxytropis sverdrupii "
"1219","Oxytropis wrangelii "
"1220","Oxytropis splendens "
"1221","Oxytropis bellii "
"1222","Oxytropis putoranica "
"1223","Oxytropis uniflora "
"1224","Oxytropis vasskovskyi "
"1225","Oxytropis inopinata "
"1226","Oxytropis kateninii "
"1227","Oxytropis viscida "
"1228","Oxytropis borealis "
"1229","Oxytropis glutinosa "
"1230","Oxytropis hudsonica "
"1231","Oxytropis middendorffii middendorffii"
"1232","Oxytropis middendorffii orulganica"
"1233","Oxytropis middendorffii submiddendorffii"
"1234","Oxytropis middendorffii coerulescens"
"1235","Oxytropis middendorffii schmidtii"
"1236","Oxytropis middendorffii anadyrensis"
"1237","Hedysarum boreale mackenziei"
"1238","Hedysarum boreale dasycarpum"
"1239","Hedysarum americanum "
"1240","Hedysarum vicioides "
"1241","Hedysarum hedysaroides arcticum"
"1242","Hedysarum hedysaroides tschuktschorum"
"1243","Vicia sepium "
"1244","Vicia cracca "
"1245","Vicia macrantha "
"1246","Vicia americana "
"1247","Lathyrus pratensis "
"1248","Lathyrus palustris palustris"
"1249","Lathyrus palustris pilosus"
"1250","Lathyrus japonicus "
"1251","Spiraea salicifolia "
"1252","Spiraea stevenii "
"1253","Spiraea media "
"1254","Spiraea dahurica "
"1255","Aruncus dioicus s. lat. "
"1256","Filipendula ulmaria "
"1257","Rubus chamaemorus "
"1258","Rubus arcticus "
"1259","Rubus acaulis "
"1260","Rubus stellatus "
"1261","Rubus saxatilis "
"1262","Rubus pubescens "
"1263","Rubus humulifolius "
"1264","Rubus idaeus idaeus"
"1265","Rubus idaeus melanolasius"
"1266","Rubus idaeus sachalinensis"
"1267","Rosa acicularis acicularis"
"1268","Rosa acicularis sayi"
"1269","Rosa majalis "
"1270","Sanguisorba officinalis "
"1271","Sanguisorba alpina "
"1272","Sanguisorba canadensis latifolia"
"1273","Dryas octopetala "
"1274","Dryas ajanensis beringensis"
"1275","Dryas punctata punctata"
"1276","Dryas punctata alaskensis"
"1277","Dryas incisa "
"1278","Dryas crenulata "
"1279","Dryas integrifolia integrifolia"
"1280","Dryas integrifolia sylvatica"
"1281","Dryas grandis "
"1282","Dryas drummondii "
"1283","Geum rivale "
"1284","Geum aleppicum strictum"
"1285","Geum macrophyllum perincisum"
"1286","Geum calthifolium "
"1287","Geum rossii "
"1288","Geum glaciale "
"1289","Potentilla biflora "
"1290","Potentilla pulchella "
"1291","Potentilla bimundorum "
"1292","Potentilla tergemina "
"1293","Potentilla anachoretica "
"1294","Potentilla lyngei "
"1295","Potentilla wrangelii "
"1296","Potentilla pensylvanica "
"1297","Potentilla bipinnatifida "
"1298","Potentilla nudicaulis "
"1299","Potentilla litoralis "
"1300","Potentilla sp. (aff. pensylvanica) "
"1301","Potentilla rubricaulis "
"1302","Potentilla pedersenii "
"1303","Potentilla insularis "
"1304","Potentilla uschakovii "
"1305","Potentilla villosa "
"1306","Potentilla villosula "
"1307","Potentilla uniflora "
"1308","Potentilla vulcanicola "
"1309","Potentilla subvahliana "
"1310","Potentilla vahliana "
"1311","Potentilla gorodkovii "
"1312","Potentilla subgorodkovii "
"1313","Potentilla crebridens hemicryophila"
"1314","Potentilla nivea "
"1315","Potentilla arenosa arenosa"
"1316","Potentilla arenosa chamissonis"
"1317","Potentilla neglecta "
"1318","Potentilla intermedia "
"1319","Potentilla norvegica "
"1320","Potentilla thuringiaca "
"1321","Potentilla anadyrensis "
"1322","Potentilla stipularis "
"1323","Potentilla rubella "
"1324","Potentilla glaucophylla "
"1325","Potentilla elegans "
"1326","Potentilla crantzii "
"1327","Potentilla gelida boreo–asiati"
"1328","Potentilla hyparctica hyparctica"
"1329","Potentilla hyparctica elatior"
"1330","Potentilla hyparctica nivicola"
"1331","Potentilla pulviniformis "
"1332","Potentilla nana "
"1333","Potentilla fragiformis "
"1334","Potentilla erecta "
"1335","Potentilla anserina anserina"
"1336","Potentilla anserina egedii"
"1337","Potentilla anserina pacifica"
"1338","Dasiphora fruticosa floribunda"
"1339","Comarum palustre "
"1340","Sibbaldiopsis tridentata "
"1341","Sibbaldia procumbens "
"1342","Fragaria vesca vesca"
"1343","Fragaria vesca americana"
"1344","Fragaria virginiana virginiana"
"1345","Alchemilla alpina "
"1346","Alchemilla faeroeensis "
"1347","Alchemilla monticola "
"1348","Alchemilla acutiloba "
"1349","Alchemilla subcrenata "
"1350","Alchemilla filicaulis filicaulis"
"1351","Alchemilla filicaulis vestita"
"1352","Alchemilla semispoliata "
"1353","Alchemilla glomerulans "
"1354","Alchemilla borealis "
"1355","Alchemilla obtusiformis "
"1356","Alchemilla baltica "
"1357","Alchemilla wichurae "
"1358","Alchemilla murbeckiana "
"1359","Alchemilla glabra "
"1360","Alchemilla cunctatrix "
"1361","Alchemilla glabriformis "
"1362","Alchemilla norvegica "
"1363","Sorbus scopulina "
"1364","Sorbus aucuparia aucuparia"
"1365","Sorbus aucuparia glabrata"
"1366","Sorbus aucuparia sibirica"
"1367","Sorbus anadyrensis "
"1368","Sorbus groenlandica "
"1369","Amelanchier bartramiana "
"1370","Cotoneaster uniflorus "
"1371","Cotoneaster niger "
"1372","Prunus padus padus"
"1373","Shepherdia canadensis "
"1374","Urtica dioica dioica"
"1375","Urtica dioica sondenii"
"1376","Urtica gracilis "
"1377","Urtica urens "
"1378","Descurainia sophia "
"1379","Descurainia sophioides "
"1380","Descurainia incana "
"1381","Smelowskia alba "
"1382","Smelowskia media "
"1383","Smelowskia porsildii "
"1384","Smelowskia borealis "
"1385","Smelowskia parryoides "
"1386","Smelowskia jacutica "
"1387","Smelowskia czukotica "
"1388","Dontostemon pectinatus "
"1389","Aphragmus eschscholtzianus "
"1390","Arabidopsis arenosa  arenosa"
"1391","Arabidopsis kamtschatica "
"1392","Arabidopsis petraea petraea"
"1393","Arabidopsis petraea septentrionalis"
"1394","Arabidopsis petraea umbrosa"
"1395","Arabidopsis arenicola "
"1396","Transberingia bursifolia "
"1397","Eutrema edwardsii "
"1398","Thellungiella salsuginea "
"1399","Braya linearis "
"1400","Braya siliquosa "
"1401","Braya humilis humilis"
"1402","Braya humilis ellesmerensis"
"1403","Braya glabella glabella"
"1404","Braya glabella prostrata"
"1405","Braya glabella purpurascens"
"1406","Braya thorild–wulffii thorild–wul"
"1407","Braya thorild–wulffii glabra"
"1408","Braya pilosa "
"1409","Braya rosea "
"1410","Erysimum pallasii "
"1411","Erysimum coarctatum "
"1412","Erysimum strictum "
"1413","Erysimum marschallianum "
"1414","Erysimum altum "
"1415","Parrya nudicaulis nudicaulis"
"1416","Parrya nauruaq "
"1417","Parrya arctica "
"1418","Barbarea vulgaris "
"1419","Barbarea orthoceras "
"1420","Barbarea stricta "
"1421","Rorippa amphibia "
"1422","Rorippa sylvestris  sylvestris"
"1423","Rorippa islandica islandica"
"1424","Rorippa islandica dogadovae"
"1425","Rorippa palustris "
"1426","Rorippa barbareifolia "
"1427","Rorippa calycina "
"1428","Armoracia sisymbrioides "
"1429","Isatis tinctoria jacutensis"
"1430","Cardamine trifida "
"1431","Cardamine macrophylla "
"1432","Cardamine pratensis angustifolia"
"1433","Cardamine umbellata "
"1434","Cardamine prorepens "
"1435","Cardamine bellidifolia  bellidifolia"
"1436","Cardamine digitata "
"1437","Cardamine microphylla "
"1438","Cardamine blaisdellii "
"1439","Cardamine purpurea "
"1440","Cardamine sphenophylla "
"1441","Cardamine victoris "
"1442","Arabis alpina "
"1443","Arabis hirsuta "
"1444","Arabis pycnocarpa "
"1445","Boechera drummondii "
"1446","Boechera divaricarpa "
"1447","Boechera holboellii  holboellii"
"1448","Alyssum obovatum "
"1449","Lesquerella arctica "
"1450","Lesquerella calderi "
"1451","Draba pauciflora "
"1452","Draba micropetala "
"1453","Draba simmonsii "
"1454","Draba stenopetala "
"1455","Draba tschuktschorum "
"1456","Draba alpina "
"1457","Draba glacialis "
"1458","Draba oxycarpa "
"1459","Draba ""pseudo–oxycar"" "
"1460","Draba macounii "
"1461","Draba eschscholtzii "
"1462","Draba pilosa "
"1463","Draba corymbosa "
"1464","Draba oligosperma "
"1465","Draba fladnizensis "
"1466","Draba subcapitata "
"1467","Draba lactea "
"1468","Draba taimyrensis "
"1469","Draba nivalis "
"1470","Draba chamissonis "
"1471","Draba lonchocarpa (var. lonchocarpa) "
"1472","Draba palanderiana "
"1473","Draba cinerea "
"1474","Draba arctica arctica"
"1475","Draba arctica ostenfeldii"
"1476","Draba oblongata "
"1477","Draba arctogena "
"1478","Draba parvisiliquosa "
"1479","Draba norvegica "
"1480","Draba glabella "
"1481","Draba juvenilis "
"1482","Draba incana "
"1483","Draba cana "
"1484","Draba borealis "
"1485","Draba sibirica "
"1486","Draba nemorosa "
"1487","Draba verna "
"1488","Draba aurea "
"1489","Draba incerta "
"1490","Draba crassifolia "
"1491","Draba stenoloba "
"1492","Nesodraba grandis "
"1493","Cochlearia officinalis "
"1494","Cochlearia groenlandica "
"1495","Cochlearia arctica arctica"
"1496","Cochlearia arctica oblongifolia"
"1497","Thlaspi arvense "
"1498","Noccaea arctica "
"1499","Noccaea camtschatica "
"1500","Capsella bursa–pastor "
"1501","Brassica rapa campestris"
"1502","Subularia aquatica aquatica"
"1503","Subularia aquatica americana"
"1504","Cakile maritima islandica"
"1505","Cakile edentula  edentula"
"1506","Chamaepericlymenum suecicum "
"1507","Chamaepericlymenum canadense "
"1508","Chamaepericlymenum unalaschkense "
"1509","Impatiens noli–tange "
"1510","Phlox sibirica "
"1511","Phlox alaskensis "
"1512","Phlox hoodii "
"1513","Polemonium caeruleum "
"1514","Polemonium acutiflorum "
"1515","Polemonium boreale "
"1516","Polemonium pulcherrimum lindleyi"
"1517","Primula elatior  elatior"
"1518","Primula nutans nutans"
"1519","Primula nutans finmarchia"
"1520","Primula stricta "
"1521","Primula laurentiana "
"1522","Primula egaliksensis "
"1523","Primula anvilensis "
"1524","Primula borealis "
"1525","Primula tschuktschorum "
"1526","Primula pumila "
"1527","Primula cuneifolia saxifragifolia"
"1528","Dodecatheon frigidum "
"1529","Cortusa matthioli matthioli"
"1530","Cortusa matthioli altaica"
"1531","Cortusa matthioli sibirica"
"1532","Androsace chamaejasme andersonii"
"1533","Androsace chamaejasme capitata"
"1534","Androsace triflora "
"1535","Androsace gorodkovii "
"1536","Androsace semiperennis "
"1537","Androsace septentrionalis "
"1538","Androsace filiformis "
"1539","Douglasia ochotensis "
"1540","Douglasia arctica "
"1541","Douglasia beringensis "
"1542","Douglasia alaskana "
"1543","Glaux maritima "
"1544","Trientalis europaea europaea"
"1545","Trientalis europaea arctica"
"1546","Trientalis borealis  borealis"
"1547","Lysimachia thyrsiflora "
"1548","Diapensia lapponica lapponica"
"1549","Diapensia lapponica obovata"
"1550","Rhododendron aureum "
"1551","Rhododendron lapponicum lapponicum"
"1552","Rhododendron lapponicum parvifolium"
"1553","Rhododendron adamsii "
"1554","Rhododendron groenlandicum "
"1555","Rhododendron tomentosum tomentosum"
"1556","Rhododendron tomentosum decumbens"
"1557","Therorhodion glandulosum "
"1558","Kalmia polifolia  polifolia"
"1559","Kalmia procumbens "
"1560","Phyllodoce caerulea "
"1561","Phyllodoce aleutica  aleutica"
"1562","Calluna vulgaris "
"1563","Cassiope tetragona  tetragona"
"1564","Cassiope ericoides "
"1565","Cassiope lycopodioides "
"1566","Harrimanella hypnoides "
"1567","Harrimanella stelleriana "
"1568","Andromeda polifolia "
"1569","Andromeda glaucophylla "
"1570","Chamaedaphne calyculata "
"1571","Arctostaphylos uva–ur "
"1572","Arctous alpina "
"1573","Arctous rubra "
"1574","Gaulteria hispidula "
"1575","Vaccinium myrtillus "
"1576","Vaccinium ovalifolium "
"1577","Vaccinium cespitosum "
"1578","Vaccinium myrtilloides "
"1579","Vaccinium uliginosum uliginosum"
"1580","Vaccinium uliginosum microphyllum"
"1581","Vaccinium uliginosum pedris"
"1582","Vaccinium uliginosum vulcanorum"
"1583","Vaccinium vitis–idaea vitis–i"
"1584","Vaccinium vitis–idaea min"
"1585","Oxycoccus palustris palustris"
"1586","Oxycoccus palustris microphyllus"
"1587","Oxycoccus microcarpus "
"1588","Empetrum nigrum "
"1589","Pyrola grandiflora grandiflora"
"1590","Pyrola grandiflora norvegica"
"1591","Pyrola asarifolia incarnata"
"1592","Pyrola minor var. conferta "
"1593","Pyrola chlorantha "
"1594","Orthilia secunda secunda"
"1595","Orthilia secunda obtusata"
"1596","Moneses uniflora "
"1597","Galium kamtschaticum "
"1598","Galium boreale "
"1599","Galium triflorum "
"1600","Galium uliginosum "
"1601","Galium palustre "
"1602","Galium trifidum trifidum"
"1603","Galium trifidum columbianum"
"1604","Galium labradoricum "
"1605","Galium verum "
"1606","Galium mollugo erectum"
"1607","Galium normanii "
"1608","Galium spurium vaillantii"
"1609","Galium aparine "
"1610","Gentiana algida "
"1611","Gentiana glauca "
"1612","Gentiana nivalis "
"1613","Gentiana verna "
"1614","Gentiana prostrata "
"1615","Gentianella campestris "
"1616","Gentianella amarella amarella"
"1617","Gentianella amarella septentrionalis"
"1618","Gentianella amarella acuta"
"1619","Gentianella propinqua propinqua"
"1620","Gentianella propinqua arctophila"
"1621","Gentianella auriculata "
"1622","Gentianella aurea "
"1623","Comastoma tenellum "
"1624","Gentianopsis detonsa "
"1625","Gentianopsis nesophila "
"1626","Gentianopsis barbata barbata"
"1627","Gentianopsis barbata raupii"
"1628","Lomatogonium rotatum rotatum"
"1629","Lomatogonium rotatum tenuifolium"
"1630","Lomatogonium carinthiacum "
"1631","Swertia obtusa "
"1632","Ajuga pyramidalis "
"1633","Scutellaria galericulata pubescens"
"1634","Glechoma hederacea "
"1635","Dracocephalum palmatum "
"1636","Dracocephalum parviflorum "
"1637","Prunella vulgaris vulgaris"
"1638","Galeopsis bifida "
"1639","Galeopsis tetrahit "
"1640","Lamium album  album"
"1641","Lamium purpureum "
"1642","Lycopus uniflorus "
"1643","Mentha arvensis "
"1644","Mentha canadensis "
"1645","Thymus praecox arcticus"
"1646","Thymus serpyllum tanaensis"
"1647","Thymus pauciflorus "
"1648","Thymus reverdattoanus "
"1649","Thymus extremus "
"1650","Thymus oxyodontus "
"1651","Thymus mongolicus "
"1652","Thymus sibiricus "
"1653","Mimulus guttatus "
"1654","Limosella aquatica "
"1655","Linaria vulgaris vulgaris"
"1656","Linaria vulgaris acutiloba"
"1657","Lagotis glauca glauca"
"1658","Lagotis glauca stelleri"
"1659","Lagotis glauca minor"
"1660","Veronica longifolia "
"1661","Veronica incana  incana"
"1662","Veronica spicata  spicata"
"1663","Veronica alpina alpina"
"1664","Veronica alpina pumila"
"1665","Veronica nutans "
"1666","Veronica wormskjoldii "
"1667","Veronica fruticans  fruticans"
"1668","Veronica serpyllifolia serpyllifolia"
"1669","Veronica serpyllifolia humifusa"
"1670","Veronica chamaedrys "
"1671","Veronica officinalis "
"1672","Veronica scutellata "
"1673","Plantago major  major"
"1674","Plantago depressa "
"1675","Plantago canescens canescens"
"1676","Plantago canescens jurtzevii"
"1677","Plantago canescens richardsonii"
"1678","Plantago eriopoda "
"1679","Plantago maritima borealis"
"1680","Littorella uniflora "
"1681","Hippuris vulgaris "
"1682","Hippuris lanceolata "
"1683","Hippuris tetraphylla "
"1684","Callitriche hermaphroditica "
"1685","Callitriche cophocarpa "
"1686","Callitriche palustris "
"1687","Callitriche anceps "
"1688","Callitriche hamulata "
"1689","Callitriche stagnalis "
"1690","Boschniakia Boschniakia rossica "
"1691","Castilleja hyparctica "
"1692","Castilleja septentrionalis "
"1693","Castilleja lapponica "
"1694","Castilleja pavlovii "
"1695","Castilleja caudata "
"1696","Castilleja yukonis "
"1697","Castilleja hyperborea "
"1698","Castilleja pseudohyperborea "
"1699","Castilleja rubra "
"1700","Castilleja elegans "
"1701","Castilleja raupii "
"1702","Castilleja arctica arctica"
"1703","Castilleja arctica vorkutensis"
"1704","Melampyrum sylvaticum "
"1705","Melampyrum pratense "
"1706","Euphrasia wettsteinii "
"1707","Euphrasia vinacea "
"1708","Euphrasia mollis "
"1709","Euphrasia subarctica "
"1710","Euphrasia disjuncta "
"1711","Euphrasia stricta "
"1712","Euphrasia arctica "
"1713","Euphrasia frigida "
"1714","Euphrasia hudsoniana "
"1715","Euphrasia hyperborea "
"1716","Euphrasia parviflora "
"1717","Euphrasia salisburgensis "
"1718","Bartsia alpina "
"1719","Rhinanthus minor "
"1720","Pedicularis capitata "
"1721","Pedicularis sceptrum–carolin "
"1722","Pedicularis tristis "
"1723","Pedicularis dasyantha "
"1724","Pedicularis alopecuroides "
"1725","Pedicularis lanata "
"1726","Pedicularis hirsuta "
"1727","Pedicularis langsdorffii "
"1728","Pedicularis flammea "
"1729","Pedicularis oederi "
"1730","Pedicularis albolabiata "
"1731","Pedicularis novaiae–zemli "
"1732","Pedicularis arctoeuropaea "
"1733","Pedicularis interior "
"1734","Pedicularis pacifica "
"1735","Pedicularis villosa "
"1736","Pedicularis labradorica "
"1737","Pedicularis compacta "
"1738","Pedicularis lapponica "
"1739","Pedicularis adunca "
"1740","Pedicularis palustris borealis"
"1741","Pedicularis palustris karoi"
"1742","Pedicularis parviflora "
"1743","Pedicularis pennellii "
"1744","Pedicularis hyperborea "
"1745","Pedicularis groenlandica "
"1746","Pedicularis verticillata "
"1747","Pedicularis amoena "
"1748","Pedicularis eriopoda "
"1749","Pinguicula vulgaris  vulgaris"
"1750","Pinguicula alpina "
"1751","Pinguicula spathulata "
"1752","Pinguicula algida "
"1753","Pinguicula villosa "
"1754","Utricularia vulgaris vulgaris"
"1755","Utricularia vulgaris macrorhiza"
"1756","Utricularia intermedia "
"1757","Utricularia ochroleuca "
"1758","Utricularia minor "
"1759","Eritrichium villosum "
"1760","Eritrichium aretioides "
"1761","Eritrichium tschuktschorum "
"1762","Eritrichium sericeum sericeum"
"1763","Eritrichium sericeum arctisibiricum"
"1764","Eritrichium splendens "
"1765","Cryptantha sp. "
"1766","Amsinckia lycopsoides "
"1767","Symphytum asperum "
"1768","Mertensia maritima maritima"
"1769","Mertensia maritima tenella"
"1770","Mertensia drummondii "
"1771","Mertensia paniculata (var. paniculata) "
"1772","Mertensia eastwoodae "
"1773","Mertensia pubescens "
"1774","Myosotis scorpioides "
"1775","Myosotis laxa cespitosa"
"1776","Myosotis decumbens  decumbens"
"1777","Myosotis pseudovariabilis "
"1778","Myosotis arvensis "
"1779","Myosotis alpestris asiatica"
"1780","Asperugo procumbens "
"1781","Lappula occidentalis "
"1782","Lappula myosotis "
"1783","Campanula turczaninovii "
"1784","Campanula lasiocarpa  lasiocarpa"
"1785","Campanula rotundifolia "
"1786","Campanula rotundifolia langsdorffiana"
"1787","Campanula uniflora "
"1788","Campanula glomerata "
"1789","Menyanthes trifoliata "
"1790","Solidago virgaurea virgaurea"
"1791","Solidago virgaurea lapponica"
"1792","Solidago dahurica "
"1793","Solidago multiradiata multiradiata"
"1794","Solidago multiradiata arctica"
"1795","Solidago simplex "
"1796","Solidago macrophylla "
"1797","Solidago uliginosa "
"1798","Aster alpinus vierhapperi"
"1799","Eurybia sibirica "
"1800","Symphyotrichum pygmaeum "
"1801","Symphyotrichum yukonense "
"1802","Symphyotrichum boreale "
"1803","Symphyotrichum puniceum "
"1804","Symphyotrichum ciliolatum "
"1805","Tripolium pannonicum tripolium"
"1806","Erigeron compositus "
"1807","Erigeron purpuratus "
"1808","Erigeron denalii "
"1809","Erigeron silenifolius "
"1810","Erigeron hyperboreus "
"1811","Erigeron koraginensis "
"1812","Erigeron porsildii "
"1813","Erigeron muirii "
"1814","Erigeron yukonensis "
"1815","Erigeron humilis "
"1816","Erigeron uniflorus "
"1817","Erigeron eriocephalus "
"1818","Erigeron eriocalyx "
"1819","Erigeron alpiniformis "
"1820","Erigeron borealis "
"1821","Erigeron acris acris"
"1822","Erigeron acris politus"
"1823","Erigeron acris kamtschaticus"
"1824","Erigeron lonchophyllus "
"1825","Erigeron elatus "
"1826","Erigeron glabellus pubescens"
"1827","Erigeron ochroleucus "
"1828","Erigeron hyssopifolius "
"1829","Antennaria villifera "
"1830","Antennaria pulcherrima "
"1831","Antennaria neglecta "
"1832","Antennaria dioica "
"1833","Antennaria microphylla "
"1834","Antennaria rosea rosea"
"1835","Antennaria rosea pulvinata"
"1836","Antennaria media compacta"
"1837","Antennaria media fusca"
"1838","Antennaria alpina alpina"
"1839","Antennaria alpina canescens"
"1840","Antennaria alpina porsildii"
"1841","Antennaria friesiana friesiana"
"1842","Antennaria friesiana alaskana"
"1843","Antennaria friesiana neoalaskana"
"1844","Antennaria monocephala monocephala"
"1845","Antennaria monocephala angustata"
"1846","Gnaphalium uliginosum "
"1847","Omalotheca sylvatica "
"1848","Omalotheca norvegica "
"1849","Omalotheca supina "
"1850","Leontopodium kurilense "
"1851","Arnica angustifolia angustifolia"
"1852","Arnica angustifolia tomentosa"
"1853","Arnica lonchophylla  lonchophylla"
"1854","Arnica griscomii frigida"
"1855","Arnica unalaschkensis "
"1856","Arnica lessingii "
"1857","Bidens hyperborea "
"1858","Achillea millefolium millefolium"
"1859","Achillea millefolium borealis"
"1860","Achillea millefolium lanulosa"
"1861","Achillea ptarmica "
"1862","Achillea salicifolia "
"1863","Achillea alpina camtschatica"
"1864","Achillea alpina multiflora"
"1865","Tripleurospermum maritimum subpolare"
"1866","Tripleurospermum maritimum phaeocephalum"
"1867","Tripleurospermum tetragonospermum "
"1868","Tripleurospermum inodorum "
"1869","Matricaria recutita "
"1870","Lepidotheca suaveolens "
"1871","Chrysanthemum mongolicum "
"1872","Arctanthemum arcticum arcticum"
"1873","Arctanthemum arcticum polare"
"1874","Hulteniella integrifolia "
"1875","Leucanthemum vulgare "
"1876","Tanacetum vulgare vulgare"
"1877","Tanacetum vulgare boreale"
"1878","Tanacetum bipinnatum "
"1879","Tanacetum huronense "
"1880","Artemisia tanacetifolia "
"1881","Artemisia arctisibirica "
"1882","Artemisia norvegica var. uralensis "
"1883","Artemisia subarctica "
"1884","Artemisia arctica arctica"
"1885","Artemisia arctica ehrendorferi"
"1886","Artemisia arctica beringensis"
"1887","Artemisia comata "
"1888","Artemisia furcata "
"1889","Artemisia globularia "
"1890","Artemisia globularia var. lutea "
"1891","Artemisia flava "
"1892","Artemisia frigida "
"1893","Artemisia sericea "
"1894","Artemisia hyperborea "
"1895","Artemisia lagopus abbreviata"
"1896","Artemisia lagopus triniana"
"1897","Artemisia glomerata "
"1898","Artemisia senjavinensis "
"1899","Artemisia kruhsiana kruhsiana"
"1900","Artemisia krushiana alaskana"
"1901","Artemisia kruhsiana condensata"
"1902","Artemisia samojedorum "
"1903","Artemisia jacutica "
"1904","Artemisia tilesii tilesii"
"1905","Artemisia tilesii elatior"
"1906","Artemisia vulgaris "
"1907","Artemisia leucophylla "
"1908","Artemisia dracunculus "
"1909","Artemisia canadensis "
"1910","Artemisia borealis borealis"
"1911","Artemisia borealis richardsoniana"
"1912","Tussilago farfara "
"1913","Petasites sagittatus "
"1914","Petasites x vitifolius "
"1915","Petasites frigidus frigidus"
"1916","Petasites frigidus nivalis"
"1917","Petasites frigidus palmatus"
"1918","Petasites frigidus arcticus"
"1919","Petasites radiatus "
"1920","Endocellion glaciale "
"1921","Endocellion sibiricum "
"1922","Parasenecio hastatus "
"1923","Senecio vulgaris "
"1924","Senecio nemorensis  nemorensis"
"1925","Senecio pseudoarnica "
"1926","Senecio lugens "
"1927","Packera heterophylla "
"1928","Packera ogotorukensis "
"1929","Packera hyperborealis hyperborealis"
"1930","Packera hyperborealis wrangelica"
"1931","Packera pauciflora "
"1932","Packera paupercula "
"1933","Tephroseris palustris congesta"
"1934","Tephroseris jacutica "
"1935","Tephroseris integrifolia "
"1936","Tephroseris tundricola "
"1937","Tephroseris lindstroemii "
"1938","Tephroseris atropurpurea "
"1939","Tephroseris frigida "
"1940","Tephroseris subfrigida "
"1941","Tephroseris kjellmanii "
"1942","Tephroseris yukonensis "
"1943","Ligularia sibirica "
"1944","Saussurea schanginiana "
"1945","Saussurea nuda "
"1946","Saussurea oxyodonta "
"1947","Saussurea parviflora "
"1948","Saussurea alpina "
"1949","Saussurea angustifolia angustifolia"
"1950","Saussurea angustifolia var. viscida "
"1951","Saussurea angustifolia yukonensis"
"1952","Saussurea tilesii "
"1953","Carduus crispus "
"1954","Cirsium heterophyllum "
"1955","Cirsium helenioides "
"1956","Cirsium arvense arvense"
"1957","Cirsium arvense setosum"
"1958","Centaurea montana "
"1959","Scorzoneroides autumnalis autumnalis"
"1960","Scorzoneroides autumnalis taraxaci"
"1961","Sonchus arvensis arvensis"
"1962","Sonchus arvensis uliginosus"
"1963","Lactuca sibirica "
"1964","Cicerbita alpina "
"1965","Agoseris glauca var. dasycephala "
"1966","Taraxacum holmenianum "
"1967","Taraxacum phymatocarpum agg. "
"1968","Taraxacum soczavae agg. "
"1969","Taraxacum alaskanum agg. "
"1970","Taraxacum arcticum agg. "
"1971","Taraxacum glabrum agg. "
"1972","Taraxacum ceratophorum agg. "
"1973","Taraxacum macroceras agg. "
"1974","Taraxacum lacerum agg. "
"1975","Taraxacum lateritium agg. "
"1976","Taraxacum albescens agg. "
"1977","Taraxacum Not assigned to aggregate: * T. longicorne (H-L, N) (R S F) / perfiljevii (D-G) (S F F) "
"1978","Taraxacum praestans agg. "
"1979","Taraxacum croceum agg. "
"1980","Taraxacum islandicum agg. "
"1981","Taraxacum spectabile agg. "
"1982","Taraxacum boreum agg. "
"1983","Taraxacum falcatum "
"1984","Taraxacum jacuticum "
"1985","Taraxacum crassipes agg. "
"1986","Taraxacum ruderalia agg. "
"1987","Crepis sibirica "
"1988","Crepis paludosa "
"1989","Crepis chrysantha minor"
"1990","Crepis tectorum tectorum"
"1991","Crepis tectorum nigrescens"
"1992","Crepis tectorum pumila"
"1993","Crepis multicaulis "
"1994","Askellia nana "
"1995","Askellia elegans "
"1996","Stenotheca tristis "
"1997","Pilosella peleteriana "
"1998","Pilosella cymosa "
"1999","Pilosella onegensis "
"2000","Pilosella Hieracium macranthelum "
"2001","Pilosella islandica "
"2002","Pilosella aurantiaca "
"2003","Hieracium murorum agg. "
"2004","Hieracium bifidum agg. "
"2005","Hieracium fuscocinereum agg. "
"2006","Hieracium vulgatum agg. "
"2007","Hieracium fasciculare agg. "
"2008","Hieracium caesium agg. "
"2009","Hieracium subramosum agg. "
"2010","Hieracium diaphanum agg. "
"2011","Hieracium diaphanoides agg. "
"2012","Hieracium schmidtii agg. "
"2013","Hieracium sommerfeltii agg. "
"2014","Hieracium saxifragum agg. "
"2015","Hieracium alatum agg. "
"2016","Hieracium alpinum agg. "
"2017","Hieracium nigrescens agg. "
"2018","Hieracium atratum agg. "
"2019","Hieracium rohacsense agg. "
"2020","Hieracium prenanthoides agg. "
"2021","Hieracium epimedium agg. "
"2022","Hieracium dovrense agg. "
"2023","Hieracium plicatum agg. "
"2024","Hieracium truncatum agg. "
"2025","Hieracium inuloides agg. "
"2026","Hieracium umbellatum agg. "
"2027","Hieracium laevigatum agg. "
"2028","Adoxa moschatellina "
"2029","Sambucus racemosa pubens"
"2030","Viburnum edule "
"2031","Lonicera caerulea altaica"
"2032","Lonicera caerulea pallasii"
"2033","Lonicera caerulea villosa"
"2034","Linnaea borealis borealis"
"2035","Linnaea borealis americana"
"2036","Valeriana capitata "
"2037","Valeriana dioica sylvatica"
"2038","Valeriana officinalis "
"2039","Valeriana sambucifolia procurrens"
"2040","Valeriana wolgensis "
"2041","Valeriana transjenisensis "
"2042","Chaerophyllum prescottii "
"2043","Sphallerocarpus gracilis "
"2044","Anthriscus sylvestris sylvestris"
"2045","Anthriscus sylvestris aemula"
"2046","Myrrhis odorata "
"2047","Pleurospermum austriacum uralense"
"2048","Bupleurum triradiatum "
"2049","Bupleurum arcticum "
"2050","Bupleurum americanum "
"2051","Cicuta virosa "
"2052","Cicuta bulbifera "
"2053","Cicuta douglasii "
"2054","Sium suave "
"2055","Carum carvi "
"2056","Pimpinella saxifraga "
"2057","Aegopodium alpestre "
"2058","Aegopodium podagraria "
"2059","Seseli condensatum "
"2060","Ligusticum scothicum scothicum"
"2061","Ligusticum scothicum hultenii"
"2062","Podistera macounii "
"2063","Pachypleurum alpinum "
"2064","Cenolophium denudatum "
"2065","Cnidium cnidiifolium "
"2066","Cnidium ajanense "
"2067","Conioselinum tataricum "
"2068","Conioselinum pacificum "
"2069","Angelica sylvestris "
"2070","Angelica archangelica archangelica"
"2071","Angelica archangelica var. decurrens "
"2072","Angelica atropurpurea "
"2073","Angelica gmelinii "
"2074","Angelica genuflexa  genuflexa"
"2075","Angelica tenuifolia "
"2076","Phloiodicarpus villosus "
"2077","Heracleum sphondylium sibiricum"
"2078","Heracleum lanatum "
"2079","Heracleum dissectum "
"2080","Heracleum persicum "
"2081","Heracleum mantegazzianum "
"2082","Achillea millefolium subsp. lanulosa (Nutt.) Piper"
"2083","Achillea millefolium L. subsp. millefolium "
"2084","Achillea ptarmica L."
"2085","Aegopodium podagraria L."
"2086","Agrostis canina L."
